user_id,Recency,Frequency,Monetary,R_Score,F_Score,M_Score,RFM_Score,Segment
356520186,1.0558333333333334,1,33.45,5,1,1,511,Potential
486999716,4.3069444444444445,1,242.72,1,1,4,114,Big Spender
512373621,1.6783333333333332,1,59.72,3,1,2,312,Others
512380275,1.451111111111111,1,949.47,4,1,5,415,Big Spender
512382878,2.1286111111111112,1,228.76,2,1,3,213,Others
512385970,1.3372222222222223,1,134.37,4,1,3,413,Potential
512393153,2.3308333333333335,1,62.55,2,1,2,212,Others
512398717,1.3377777777777777,1,172.23,4,1,3,413,Potential
512400164,3.033333333333333,1,242.72,1,1,4,114,Big Spender
512400502,2.0502777777777776,1,25.48,2,1,1,211,Others
512419230,1.4538888888888888,1,43.73,4,1,1,411,Potential
512424171,1.7183333333333333,1,298.6,3,1,4,314,Big Spender
512431922,1.5516666666666667,3,82.12,4,5,2,452,Potential
512432653,2.158333333333333,1,158.05,2,1,3,213,Others
512452645,2.6727777777777777,1,577.89,2,1,5,215,Big Spender
512455622,3.832222222222222,1,16.73,1,1,1,111,Others
512474890,3.7577777777777777,1,45.52,1,1,1,111,Others
512476567,1.5833333333333333,1,453.16,4,1,4,414,Big Spender
512482380,1.8427777777777778,1,308.45,3,1,4,314,Big Spender
512486431,1.113611111111111,1,94.46,5,1,2,512,Potential
512486732,2.625277777777778,1,68.32,2,1,2,212,Others
512495144,1.3219444444444444,3,53.97,4,5,1,451,Potential
512498743,2.8675,1,7.7,1,1,1,111,Others
512500813,1.9175,1,46.31,3,1,1,311,Others
512512636,1.1102777777777777,1,266.0,5,1,4,514,Big Spender
512522408,2.4055555555555554,1,218.77,2,1,3,213,Others
512527352,2.1880555555555556,3,662.5,2,5,5,255,Loyal
512531284,1.0108333333333333,1,287.78,5,1,4,514,Big Spender
512542036,1.1997222222222221,1,128.42,5,1,2,512,Potential
512560016,2.655,2,141.52,2,5,3,253,Loyal
512561236,1.2422222222222221,1,109.01,5,1,2,512,Potential
512576824,1.8416666666666666,1,1013.86,3,1,5,315,Big Spender
512583935,1.7522222222222221,1,732.07,3,1,5,315,Big Spender
512586837,1.1902777777777778,1,30.76,5,1,1,511,Potential
512591979,1.0108333333333333,1,83.91,5,1,2,512,Potential
512610490,3.200277777777778,1,55.86,1,1,1,111,Others
512639142,1.4233333333333333,1,475.48,4,1,4,414,Big Spender
512644407,1.2283333333333333,1,56.6,5,1,1,511,Potential
512653939,2.433611111111111,1,49.68,2,1,1,211,Others
512656415,1.9533333333333334,1,169.37,3,1,3,313,Others
512670642,2.5661111111111112,2,250.48,2,5,4,254,Loyal
512682396,2.787777777777778,1,30.89,1,1,1,111,Others
512682528,1.2361111111111112,2,194.08,5,5,3,553,Loyal
512691830,2.4394444444444443,1,39.38,2,1,1,211,Others
512697003,1.2666666666666666,1,31.95,5,1,1,511,Potential
512734912,1.1488888888888888,1,128.42,5,1,2,512,Potential
512758377,2.249722222222222,1,22.8,2,1,1,211,Others
512767273,1.3283333333333334,1,123.56,4,1,2,412,Potential
512769579,1.8777777777777778,1,69.24,3,1,2,312,Others
512773059,1.4444444444444444,1,16.73,4,1,1,411,Potential
512797691,1.6680555555555556,1,59.13,3,1,2,312,Others
512813429,1.1688888888888889,1,178.87,5,1,3,513,Potential
512823102,2.292222222222222,2,337.69,2,5,4,254,Loyal
512826309,1.5316666666666667,2,385.6,4,5,4,454,Champions
512870255,1.961111111111111,1,231.64,3,1,3,313,Others
512878430,3.9444444444444446,1,176.04,1,1,3,113,Others
512894714,3.375277777777778,1,447.6,1,1,4,114,Big Spender
512907720,1.9905555555555556,1,577.89,3,1,5,315,Big Spender
512912276,1.876111111111111,1,362.29,3,1,4,314,Big Spender
512924342,1.1669444444444443,1,36.04,5,1,1,511,Potential
512964148,2.0419444444444443,1,398.72,2,1,4,214,Big Spender
512987361,1.8519444444444444,1,69.24,3,1,2,312,Others
512991626,1.1358333333333333,1,72.07,5,1,2,512,Potential
512995572,1.1397222222222223,1,114.03,5,1,2,512,Potential
513003500,1.6466666666666667,1,242.63,3,1,3,313,Others
513021740,1.6952777777777779,1,121.24,3,1,2,312,Others
513026795,1.043611111111111,2,127.12,5,5,2,552,Potential
513052669,2.6294444444444443,3,350.74,2,5,4,254,Loyal
513057645,1.3733333333333333,1,85.88,4,1,2,412,Potential
513070340,2.325833333333333,1,1860.69,2,1,5,215,Big Spender
513074641,1.8716666666666666,1,1665.36,3,1,5,315,Big Spender
513107537,1.2886111111111112,1,20.34,4,1,1,411,Potential
513114259,2.3344444444444443,1,229.9,2,1,3,213,Others
513117637,1.5125,1,1182.37,4,1,5,415,Big Spender
513153386,1.7486111111111111,1,70.79,3,1,2,312,Others
513155877,3.3777777777777778,1,458.28,1,1,4,114,Big Spender
513161134,1.6011111111111112,1,36.81,4,1,1,411,Potential
513162245,1.4847222222222223,1,108.11,4,1,2,412,Potential
513167698,1.3652777777777778,1,128.42,4,1,2,412,Potential
513170847,3.3819444444444446,1,160.57,1,1,3,113,Others
513197412,1.6394444444444445,1,77.22,3,1,2,312,Others
513199333,1.5402777777777779,1,131.53,4,1,2,412,Potential
513221406,3.000277777777778,1,243.96,1,1,4,114,Big Spender
513223953,1.431111111111111,1,1243.78,4,1,5,415,Big Spender
513230383,1.261388888888889,1,40.93,5,1,1,511,Potential
513239433,2.1319444444444446,1,949.47,2,1,5,215,Big Spender
513240891,1.1052777777777778,1,138.71,5,1,3,513,Potential
513271911,2.206111111111111,1,34.75,2,1,1,211,Others
513277928,3.435,1,29.58,1,1,1,111,Others
513287237,1.4925,1,28.29,4,1,1,411,Potential
513306883,1.9766666666666666,1,437.57,3,1,4,314,Big Spender
513307180,1.6613888888888888,1,154.19,3,1,3,313,Others
513316282,1.2733333333333334,1,360.97,5,1,4,514,Big Spender
513323240,2.632222222222222,1,10.31,2,1,1,211,Others
513333919,1.3369444444444445,1,242.63,4,1,3,413,Potential
513335669,1.6655555555555555,1,71.9,3,1,2,312,Others
513346245,1.6616666666666666,1,39.38,3,1,1,311,Others
513351129,4.860833333333333,1,211.92,1,1,3,113,Others
513368484,2.4975,1,25.48,2,1,1,211,Others
513373830,1.7647222222222223,1,888.03,3,1,5,315,Big Spender
513376382,2.137777777777778,1,100.39,2,1,2,212,Others
513376954,2.3016666666666667,1,172.22,2,1,3,213,Others
513393358,2.588888888888889,1,7.72,2,1,1,211,Others
513429184,1.1888888888888889,1,31.92,5,1,1,511,Potential
513451423,1.2055555555555555,1,378.36,5,1,4,514,Big Spender
513451653,4.539166666666667,1,167.11,1,1,3,113,Others
513451673,2.3152777777777778,1,488.8,2,1,5,215,Big Spender
513454651,1.3155555555555556,1,10.27,4,1,1,411,Potential
513455270,2.6466666666666665,1,1549.07,2,1,5,215,Big Spender
513463094,1.4375,1,28.06,4,1,1,411,Potential
513474628,2.9625,1,168.86,1,1,3,113,Others
513477471,1.7686111111111111,1,70.4,3,1,2,312,Others
513509085,1.3766666666666667,1,1665.36,4,1,5,415,Big Spender
513510657,1.0791666666666666,1,29.58,5,1,1,511,Potential
513532474,1.1055555555555556,2,379.94,5,5,4,554,Champions
513538812,1.7675,1,150.97,3,1,3,313,Others
513579341,2.1702777777777778,1,139.68,2,1,3,213,Others
513581515,1.5119444444444445,1,34.96,4,1,1,411,Potential
513590675,3.8294444444444444,2,895.49,1,5,5,155,Loyal
513611439,1.7030555555555555,1,81.86,3,1,2,312,Others
513645631,4.691111111111111,1,128.42,1,1,2,112,Others
513657489,3.319166666666667,1,224.6,1,1,3,113,Others
513667800,2.799166666666667,1,722.4,1,1,5,115,Big Spender
513683017,2.626388888888889,1,257.38,2,1,4,214,Big Spender
513704584,1.773611111111111,1,203.09,3,1,3,313,Others
513771111,2.827777777777778,1,29.58,1,1,1,111,Others
513796923,1.2230555555555556,1,347.24,5,1,4,514,Big Spender
513798638,2.1219444444444444,2,159.54,2,5,3,253,Loyal
513817018,1.198888888888889,1,25.41,5,1,1,511,Potential
513849803,3.308611111111111,1,372.73,1,1,4,114,Big Spender
513880835,1.8625,1,1583.48,3,1,5,315,Big Spender
513894941,1.7969444444444445,1,308.45,3,1,4,314,Big Spender
513944189,2.548888888888889,1,38.87,2,1,1,211,Others
513990971,1.5469444444444445,1,2011.63,4,1,5,415,Big Spender
513993504,1.8911111111111112,1,61.75,3,1,2,312,Others
513993755,3.361666666666667,1,75.91,1,1,2,112,Others
514001761,1.3727777777777779,1,722.4,4,1,5,415,Big Spender
514017120,1.7883333333333333,1,211.92,3,1,3,313,Others
514020126,3.347777777777778,1,577.89,1,1,5,115,Big Spender
514061245,1.2369444444444444,1,591.78,5,1,5,515,Big Spender
514074113,1.023611111111111,6,531.6899999999999,5,5,5,555,Champions
514086280,3.0175,1,178.87,1,1,3,113,Others
514095133,1.0708333333333333,1,344.9,5,1,4,514,Big Spender
514101034,4.329444444444444,1,167.29,1,1,3,113,Others
514119888,2.8905555555555558,2,68.64,1,5,2,152,Others
514155668,1.2138888888888888,1,230.93,5,1,3,513,Potential
514166636,1.1769444444444443,1,128.42,5,1,2,512,Potential
514166940,1.1097222222222223,2,231.67000000000002,5,5,3,553,Loyal
514183137,2.52,1,424.7,2,1,4,214,Big Spender
514215660,2.3275,1,36.01,2,1,1,211,Others
514217834,2.4394444444444443,2,674.73,2,5,5,255,Loyal
514260481,1.131388888888889,1,242.63,5,1,3,513,Potential
514280319,2.4891666666666667,1,56.29,2,1,1,211,Others
514370492,1.2105555555555556,1,37.32,5,1,1,511,Potential
514371769,2.7844444444444445,2,69.5,1,5,2,152,Others
514383977,1.323611111111111,2,58.95,4,5,2,452,Potential
514392830,1.4227777777777777,1,99.75,4,1,2,412,Potential
514405513,3.216388888888889,1,128.42,1,1,2,112,Others
514407454,1.7208333333333334,1,119.95,3,1,2,312,Others
514437157,1.8369444444444445,1,55.34,3,1,1,311,Others
514449287,2.2,1,64.78,2,1,2,212,Others
514450085,2.0316666666666667,1,732.07,2,1,5,215,Big Spender
514468892,1.1816666666666666,1,85.88,5,1,2,512,Potential
514480552,2.567222222222222,1,229.9,2,1,3,213,Others
514481357,1.3697222222222223,1,29.58,4,1,1,411,Potential
514526295,2.4944444444444445,1,189.97,2,1,3,213,Others
514544847,1.2561111111111112,3,164.49,5,5,3,553,Loyal
514584748,1.7441666666666666,1,180.16,3,1,3,313,Others
514607972,1.541388888888889,2,180.14,4,5,3,453,Loyal
514611821,1.5377777777777777,1,61.01,4,1,2,412,Potential
514634688,1.228888888888889,1,409.28,5,1,4,514,Big Spender
514647259,1.7361111111111112,1,128.42,3,1,2,312,Others
514663441,2.2194444444444446,1,260.53,2,1,4,214,Big Spender
514684465,2.1069444444444443,1,458.28,2,1,4,214,Big Spender
514688403,1.7902777777777779,1,160.57,3,1,3,313,Others
514701561,2.0330555555555554,3,37.81,2,5,1,251,Others
514707389,1.7297222222222222,2,716.62,3,5,5,355,Loyal
514721092,2.1066666666666665,1,38.59,2,1,1,211,Others
514758545,3.883611111111111,1,28.29,1,1,1,111,Others
514784807,2.2777777777777777,1,35.78,2,1,1,211,Others
514796908,2.033611111111111,1,242.63,2,1,3,213,Others
514816412,1.273611111111111,1,21.9,5,1,1,511,Potential
514838540,1.6302777777777777,1,49.82,4,1,1,411,Potential
514862645,1.9402777777777778,2,953.3299999999999,3,5,5,355,Loyal
514881430,1.195,1,453.16,5,1,4,514,Big Spender
514892168,1.8688888888888888,1,231.64,3,1,3,313,Others
514901854,1.295,1,430.74,4,1,4,414,Big Spender
514910022,2.122777777777778,1,275.25,2,1,4,214,Big Spender
514917810,2.566388888888889,1,267.96,2,1,4,214,Big Spender
514925962,2.870833333333333,1,164.95,1,1,3,113,Others
514932970,1.6405555555555555,1,41.96,3,1,1,311,Others
514938813,1.525,1,128.42,4,1,2,412,Potential
514941863,1.8269444444444445,1,39.36,3,1,1,311,Others
514945956,1.4813888888888889,1,588.92,4,1,5,415,Big Spender
514960497,2.4716666666666667,1,28.0,2,1,1,211,Others
514973711,1.0616666666666668,1,128.42,5,1,2,512,Potential
514985745,1.1141666666666667,1,144.83,5,1,3,513,Potential
514990446,1.1269444444444445,1,33.44,5,1,1,511,Potential
514991459,1.5611111111111111,1,218.77,4,1,3,413,Potential
514994952,1.0941666666666667,1,15.42,5,1,1,511,Potential
515005307,1.6736111111111112,1,282.89,3,1,4,314,Big Spender
515015942,1.1452777777777778,1,928.18,5,1,5,515,Big Spender
515019763,1.0383333333333333,3,1056.94,5,5,5,555,Champions
515054942,1.0933333333333333,1,317.67,5,1,4,514,Big Spender
515055282,2.7333333333333334,2,653.53,1,5,5,155,Loyal
515057215,2.7825,1,293.69,1,1,4,114,Big Spender
515075737,2.1572222222222224,1,77.74,2,1,2,212,Others
515083412,1.2080555555555557,2,371.04999999999995,5,5,4,554,Champions
515085187,1.523611111111111,1,540.51,4,1,5,415,Big Spender
515089842,4.360277777777778,1,757.7,1,1,5,115,Big Spender
515101929,1.2452777777777777,1,218.54,5,1,3,513,Potential
515114346,2.877222222222222,1,458.28,1,1,4,114,Big Spender
515147590,3.174722222222222,1,42.47,1,1,1,111,Others
515167299,3.9366666666666665,1,52.92,1,1,1,111,Others
515168378,1.7369444444444444,1,62.78,3,1,2,312,Others
515238387,2.0011111111111113,1,189.97,3,1,3,313,Others
515240495,4.751388888888889,1,254.78,1,1,4,114,Big Spender
515280737,1.1575,1,184.21,5,1,3,513,Potential
515342397,1.7458333333333333,1,43.5,3,1,1,311,Others
515354083,1.0908333333333333,1,12.61,5,1,1,511,Potential
515359432,1.3480555555555556,1,591.25,4,1,5,415,Big Spender
515380503,1.6058333333333332,1,949.47,4,1,5,415,Big Spender
515412653,1.7716666666666667,1,949.47,3,1,5,315,Big Spender
515421827,1.6672222222222222,1,9.23,3,1,1,311,Others
515472639,2.1925,1,32.69,2,1,1,211,Others
515477009,1.8652777777777778,1,24.63,3,1,1,311,Others
515509091,1.118611111111111,1,458.28,5,1,4,514,Big Spender
515521256,3.2780555555555555,1,463.31,1,1,4,114,Big Spender
515531985,2.9458333333333333,1,66.87,1,1,2,112,Others
515534826,2.370833333333333,1,1348.61,2,1,5,215,Big Spender
515550869,2.218611111111111,1,242.63,2,1,3,213,Others
515580257,1.1008333333333333,1,179.93,5,1,3,513,Potential
515644853,1.1683333333333332,2,517.88,5,5,5,555,Champions
515673045,1.9013888888888888,1,358.31,3,1,4,314,Big Spender
515697505,1.1469444444444445,1,242.63,5,1,3,513,Potential
515715331,1.251111111111111,1,1629.04,5,1,5,515,Big Spender
515749131,2.3088888888888888,1,363.15,2,1,4,214,Big Spender
515750054,2.7955555555555556,3,2420.22,1,5,5,155,Loyal
515779344,1.2219444444444445,1,23.05,5,1,1,511,Potential
515796187,1.5233333333333334,1,188.94,4,1,3,413,Potential
515806667,1.028888888888889,1,358.31,5,1,4,514,Big Spender
515817705,1.8280555555555555,2,451.23,3,5,4,354,Loyal
515817718,1.5611111111111111,1,303.74,4,1,4,414,Big Spender
515838774,2.3777777777777778,1,21.6,2,1,1,211,Others
515849260,1.0325,2,258.96,5,5,4,554,Champions
515849878,2.470833333333333,1,154.16,2,1,3,213,Others
515851023,3.8130555555555556,1,949.47,1,1,5,115,Big Spender
515884433,3.278611111111111,1,722.4,1,1,5,115,Big Spender
515920155,1.6719444444444445,1,86.23,3,1,2,312,Others
515936079,2.4491666666666667,1,227.03,2,1,3,213,Others
516010934,1.2575,1,458.28,5,1,4,514,Big Spender
516019483,1.1388888888888888,1,155.5,5,1,3,513,Potential
516024726,1.9155555555555555,1,41.11,3,1,1,311,Others
516035043,1.528888888888889,1,212.08,4,1,3,413,Potential
516078570,2.2169444444444446,2,94.16,2,5,2,252,Others
516121944,2.942222222222222,1,406.7,1,1,4,114,Big Spender
516164762,1.2425,1,949.47,5,1,5,515,Big Spender
516181016,1.2833333333333334,1,170.14,4,1,3,413,Potential
516191099,1.4727777777777777,1,93.51,4,1,2,412,Potential
516200807,2.9255555555555555,1,203.09,1,1,3,113,Others
516217381,1.001111111111111,1,394.14,5,1,4,514,Big Spender
516239312,2.0972222222222223,1,128.42,2,1,2,212,Others
516287469,1.4727777777777777,1,189.97,4,1,3,413,Potential
516298129,2.2305555555555556,3,264.77,2,5,4,254,Loyal
516308340,1.5566666666666666,3,280.34000000000003,4,5,4,454,Champions
516316320,4.466388888888889,1,1013.86,1,1,5,115,Big Spender
516319789,1.2497222222222222,1,138.71,5,2,3,523,Potential
516340669,1.9361111111111111,1,88.29,3,2,2,322,Others
516346925,1.3383333333333334,1,104.25,4,2,2,422,Potential
516358282,1.743611111111111,1,242.72,3,2,4,324,Big Spender
516359563,3.9272222222222224,1,223.95,1,2,3,123,Others
516391844,1.3355555555555556,1,105.51,4,2,2,422,Potential
516426931,2.323888888888889,7,2941.59,2,5,5,255,Loyal
516475820,2.468611111111111,1,91.61,2,2,2,222,Others
516487172,2.1333333333333333,1,128.42,2,2,2,222,Others
516658643,2.108888888888889,1,41.19,2,2,1,221,Others
516676963,4.551666666666667,1,362.29,1,2,4,124,Big Spender
516700842,1.7494444444444444,1,29.58,3,2,1,321,Others
516711292,1.52,1,358.31,4,2,4,424,Big Spender
516725758,2.1369444444444445,2,320.42,2,5,4,254,Loyal
516844313,1.0497222222222222,1,59.2,5,2,2,522,Potential
516851046,1.826111111111111,1,39.38,3,2,1,321,Others
516867725,1.7886111111111112,1,131.53,3,2,2,322,Others
516883277,1.6516666666666666,1,230.93,3,2,3,323,Others
516972782,2.256388888888889,1,212.08,2,2,3,223,Others
516977445,2.1894444444444443,1,437.31,2,2,4,224,Big Spender
516995448,2.6908333333333334,1,118.01,1,2,2,122,Others
517008172,1.2780555555555555,1,266.0,5,2,4,524,Big Spender
517025960,1.6525,1,128.42,3,2,2,322,Others
517037309,1.2855555555555556,3,191.25,4,5,3,453,Loyal
517043718,2.495833333333333,1,54.83,2,2,1,221,Others
517060786,1.7033333333333334,1,223.95,3,2,3,323,Others
517061199,1.3791666666666667,1,213.11,4,2,3,423,Potential
517109050,1.2816666666666667,1,30.76,5,2,1,521,Potential
517140658,1.7319444444444445,1,38.35,3,2,1,321,Others
517169002,1.6244444444444444,1,64.02,4,2,2,422,Potential
517279584,1.0705555555555555,1,135.89,5,2,3,523,Potential
517386419,1.7366666666666666,2,340.57,3,5,4,354,Loyal
517412819,2.042777777777778,1,38.35,2,2,1,221,Others
517495805,1.6744444444444444,1,65.38,3,2,2,322,Others
517580370,1.1905555555555556,1,266.0,5,2,4,524,Big Spender
517606644,1.041111111111111,1,204.3,5,2,3,523,Potential
517608836,1.4941666666666666,1,115.58,4,2,2,422,Potential
517653365,1.6880555555555556,1,31.92,3,2,1,321,Others
517657117,1.1875,1,139.68,5,2,3,523,Potential
517679125,1.9405555555555556,1,56.63,3,2,1,321,Others
517829094,1.5013888888888889,1,10.81,4,2,1,421,Potential
517836429,1.5483333333333333,1,42.47,4,2,1,421,Potential
517863908,1.3719444444444444,1,115.13,4,2,2,422,Potential
517893800,1.4980555555555555,1,120.98,4,2,2,422,Potential
517896339,1.9677777777777778,1,35.24,3,2,1,321,Others
517904202,1.4475,1,458.28,4,2,4,424,Big Spender
518011488,1.0466666666666666,1,70.27,5,2,2,522,Potential
518017880,1.1122222222222222,1,242.63,5,2,3,523,Potential
518022421,1.2772222222222223,1,591.25,5,2,5,525,Big Spender
518026730,2.6666666666666665,1,411.54,2,2,4,224,Big Spender
518085015,1.6027777777777779,1,45.82,4,2,1,421,Potential
518098261,2.118888888888889,1,160.57,2,2,3,223,Others
518166789,3.2197222222222224,1,1348.61,1,2,5,125,Big Spender
518267348,4.659166666666667,1,1337.23,1,2,5,125,Big Spender
518277746,2.4119444444444444,1,531.26,2,2,5,225,Big Spender
518291241,1.988611111111111,3,238.87,3,5,3,353,Loyal
518336246,1.6022222222222222,1,107.45,4,2,2,422,Potential
518339445,1.4738888888888888,1,128.42,4,2,2,422,Potential
518340557,1.7566666666666666,1,7.75,3,2,1,321,Others
518466994,1.59,1,47.36,4,2,1,421,Potential
518489407,1.7155555555555555,1,39.38,3,2,1,321,Others
518559831,2.506388888888889,2,119.34,2,5,2,252,Others
518562310,1.3072222222222223,1,128.42,4,2,2,422,Potential
518618224,1.4902777777777778,1,722.4,4,2,5,425,Big Spender
518618772,2.117777777777778,1,722.4,2,2,5,225,Big Spender
518621167,2.8105555555555557,1,29.86,1,2,1,121,Others
518625624,2.1838888888888888,4,246.6,2,5,4,254,Loyal
518639908,1.7255555555555555,1,100.36,3,2,2,322,Others
518640375,2.806388888888889,1,57.92,1,2,1,121,Others
518677182,1.7766666666666666,1,41.44,3,2,1,321,Others
518679035,4.166666666666667,1,142.84,1,2,3,123,Others
518684874,1.5330555555555556,1,115.32,4,2,2,422,Potential
518717140,1.1488888888888888,3,831.59,5,5,5,555,Champions
518724743,1.7227777777777777,1,84.69,3,2,2,322,Others
518742921,1.4169444444444443,1,128.42,4,2,2,422,Potential
518747313,2.0225,1,949.47,2,2,5,225,Big Spender
518771094,3.826111111111111,1,45.82,1,2,1,121,Others
518805424,1.693888888888889,1,150.04,3,2,3,323,Others
518840496,4.622222222222222,1,1348.61,1,2,5,125,Big Spender
518878628,1.2725,2,256.84,5,5,4,554,Champions
518880126,1.925,1,75.38,3,2,2,322,Others
518913698,3.3744444444444444,1,358.31,1,2,4,124,Big Spender
518956507,1.8038888888888889,1,928.18,3,2,5,325,Big Spender
519040762,2.3705555555555557,1,900.64,2,2,5,225,Big Spender
519048208,3.060277777777778,1,66.93,1,2,2,122,Others
519066075,1.188611111111111,1,108.98,5,2,2,522,Potential
519124688,1.033611111111111,1,498.85,5,2,5,525,Big Spender
519126099,2.3669444444444445,1,178.9,2,2,3,223,Others
519128349,2.167222222222222,1,128.42,2,2,2,222,Others
519178326,2.3844444444444446,1,22.8,2,2,1,221,Others
519227511,1.211111111111111,1,772.19,5,2,5,525,Big Spender
519233119,2.2491666666666665,1,128.68,2,2,2,222,Others
519251430,1.8266666666666667,1,40.93,3,2,1,321,Others
519269480,2.1225,1,369.45,2,2,4,224,Big Spender
519290140,1.4825,1,32.87,4,2,1,421,Potential
519301897,1.156388888888889,2,320.57,5,5,4,554,Champions
519306775,1.62,1,29.58,4,2,1,421,Potential
519307909,1.6602777777777777,1,205.67,3,2,3,323,Others
519324025,1.3166666666666667,1,242.63,4,2,3,423,Potential
519382136,1.8925,1,105.7,3,2,2,322,Others
519438960,2.1669444444444443,1,22.8,2,2,1,221,Others
519440975,1.813611111111111,1,49.94,3,2,1,321,Others
519456951,3.2311111111111113,1,275.25,1,2,4,124,Big Spender
519468511,1.5141666666666667,2,1444.8,4,5,5,455,Champions
519597486,1.8369444444444445,1,717.39,3,2,5,325,Big Spender
519599610,1.5519444444444443,1,101.16,4,2,2,422,Potential
519659731,1.6277777777777778,1,242.63,4,2,3,423,Potential
519920356,1.3675,1,164.84,4,2,3,423,Potential
520028649,1.655,1,949.47,3,2,5,325,Big Spender
520086731,1.5552777777777778,1,732.07,4,2,5,425,Big Spender
520097057,1.5530555555555556,1,722.4,4,2,5,425,Big Spender
520203526,1.7202777777777778,1,150.95,3,2,3,323,Others
520214844,4.437222222222222,2,321.14,1,5,4,154,Loyal
520228258,1.1211111111111112,1,81.86,5,2,2,522,Potential
520235701,1.5972222222222223,1,189.97,4,2,3,423,Potential
520240010,2.0744444444444445,2,516.19,2,5,5,255,Loyal
520385416,1.2275,1,83.91,5,2,2,522,Potential
520429293,1.1513888888888888,1,410.51,5,2,4,524,Big Spender
520744469,1.7038888888888888,1,33.44,3,2,1,321,Others
520761071,2.7980555555555555,1,38.1,1,2,1,121,Others
520993933,1.236388888888889,1,233.33,5,2,3,523,Potential
521026062,1.5330555555555556,2,278.52,4,5,4,454,Champions
521081045,1.6680555555555556,1,42.99,3,2,1,321,Others
521122611,1.8588888888888888,1,178.87,3,2,3,323,Others
521339065,3.1244444444444444,1,306.05,1,2,4,124,Big Spender
521339236,1.0269444444444444,3,3258.04,5,5,5,555,Champions
521374214,2.987222222222222,1,185.85,1,2,3,123,Others
521492716,2.1780555555555554,1,15.42,2,2,1,221,Others
521693054,2.477777777777778,1,99.1,2,2,2,222,Others
521720970,2.0252777777777777,1,133.83,2,2,3,223,Others
521727856,1.3491666666666666,1,299.62,4,2,4,424,Big Spender
521734903,3.915277777777778,1,749.67,1,2,5,125,Big Spender
521743410,1.6444444444444444,1,41.19,3,2,1,321,Others
521781833,1.5858333333333334,1,362.29,4,2,4,424,Big Spender
521793571,4.1883333333333335,5,2022.99,1,5,5,155,Loyal
522022582,1.3452777777777778,1,33.71,4,2,1,421,Potential
522148695,1.1283333333333334,1,25.71,5,2,1,521,Potential
522335330,2.1591666666666667,1,85.81,2,2,2,222,Others
522352077,2.7711111111111113,1,242.63,1,2,3,123,Others
522379836,1.7125,1,510.18,3,2,5,325,Big Spender
522560074,3.995277777777778,1,180.16,1,2,3,123,Others
522717744,3.9497222222222224,2,1010.58,1,5,5,155,Loyal
522882888,1.325,1,358.31,4,2,4,424,Big Spender
522957619,2.8569444444444443,1,43.73,1,2,1,121,Others
523179090,1.3583333333333334,1,229.9,4,2,3,423,Potential
523238909,2.48,2,256.84,2,5,4,254,Loyal
523298376,1.5283333333333333,1,290.82,4,2,4,424,Big Spender
523564977,1.4655555555555555,1,9.66,4,2,1,421,Potential
523701254,1.7255555555555555,1,137.18,3,2,3,323,Others
523712851,1.0766666666666667,1,22.8,5,2,1,521,Potential
523759066,1.4991666666666668,1,458.28,4,2,4,424,Big Spender
523777976,1.7483333333333333,1,106.98,3,2,2,322,Others
523893477,2.2525,3,981.54,2,5,5,255,Loyal
523955361,1.9633333333333334,2,1801.28,3,5,5,355,Loyal
523966975,3.0219444444444443,1,203.09,1,2,3,123,Others
523975579,2.2830555555555554,1,347.24,2,2,4,224,Big Spender
524004629,1.2825,1,225.21,4,2,3,423,Potential
524033149,3.1658333333333335,1,38.19,1,2,1,121,Others
524130391,2.852777777777778,1,128.42,1,2,2,122,Others
524209951,1.2744444444444445,1,160.57,5,2,3,523,Potential
524213881,1.3552777777777778,1,58.93,4,2,2,422,Potential
524298889,1.5175,2,671.75,4,5,5,455,Champions
524543436,4.22,1,51.48,1,2,1,121,Others
524786147,2.8308333333333335,1,75.16,1,2,2,122,Others
524804091,1.16,1,532.57,5,2,5,525,Big Spender
524856701,1.6908333333333334,1,257.15,3,2,4,324,Big Spender
525144465,3.147777777777778,1,949.47,1,2,5,125,Big Spender
525191289,1.4938888888888888,1,949.47,4,2,5,425,Big Spender
525589257,2.3516666666666666,1,257.15,2,2,4,224,Big Spender
525599019,2.812222222222222,1,223.95,1,2,3,123,Others
525904178,1.7058333333333333,1,949.47,3,2,5,325,Big Spender
525941655,1.093611111111111,1,722.4,5,2,5,525,Big Spender
525969243,1.5958333333333334,1,269.78,4,2,4,424,Big Spender
525970979,2.4475,1,256.74,2,2,4,224,Big Spender
526001416,1.3911111111111112,1,283.09,4,2,4,424,Big Spender
526062582,2.548888888888889,1,97.79,2,2,2,222,Others
526125083,3.1616666666666666,1,239.36,1,2,3,123,Others
526141136,2.8130555555555556,1,422.92,1,2,4,124,Big Spender
526175596,1.5280555555555555,1,28.29,4,2,1,421,Potential
526188048,4.210833333333333,1,102.58,1,2,2,122,Others
526553388,1.2838888888888889,1,149.22,4,2,3,423,Potential
526620244,2.062222222222222,1,275.25,2,2,4,224,Big Spender
526715018,1.7069444444444444,1,308.61,3,2,4,324,Big Spender
527006287,1.4055555555555554,1,128.42,4,2,2,422,Potential
527067703,1.5127777777777778,1,1106.59,4,2,5,425,Big Spender
527253702,1.005,1,38.14,5,2,1,521,Potential
527260811,2.214722222222222,1,84.43,2,2,2,222,Others
527277579,2.893611111111111,1,215.19,1,2,3,123,Others
527624518,1.5544444444444445,1,52.23,4,2,1,421,Potential
527700673,2.723333333333333,1,135.01,1,2,3,123,Others
527916719,2.3658333333333332,1,90.44,2,2,2,222,Others
528075892,1.2425,1,308.63,5,2,4,524,Big Spender
528088267,1.8947222222222222,1,38.35,3,2,1,321,Others
528089579,1.2691666666666668,1,92.64,5,2,2,522,Potential
528133044,2.8247222222222224,2,183.62,1,5,3,153,Loyal
528237371,2.4783333333333335,1,229.9,2,2,3,223,Others
528375191,2.578611111111111,2,160.88,2,5,3,253,Loyal
529127727,1.3375,1,41.49,4,2,1,421,Potential
529536413,2.9586111111111113,1,1348.61,1,2,5,125,Big Spender
529541682,1.833611111111111,1,23.12,3,2,1,321,Others
529661706,1.8391666666666666,1,458.28,3,2,4,324,Big Spender
529712266,3.817222222222222,1,40.93,1,2,1,121,Others
529726896,2.165277777777778,1,262.3,2,2,4,224,Big Spender
529786619,3.7672222222222222,1,980.46,1,2,5,125,Big Spender
529799250,1.005,2,36.96,5,5,1,551,Potential
529844433,1.1208333333333333,1,417.26,5,2,4,524,Big Spender
529852051,1.6308333333333334,2,1166.24,4,5,5,455,Champions
529871962,2.5108333333333333,1,139.68,2,2,3,223,Others
530038524,1.3911111111111112,3,517.56,4,5,5,455,Champions
530053888,2.9475,1,106.54,1,2,2,122,Others
530131574,1.1344444444444444,3,624.72,5,5,5,555,Champions
530178676,1.1958333333333333,1,386.08,5,2,4,524,Big Spender
530327518,1.8141666666666667,2,114.03,3,5,2,352,Others
530337676,1.1936111111111112,9,1361.8899999999999,5,5,5,555,Champions
530382924,1.8186111111111112,2,1650.58,3,5,5,355,Loyal
530588589,2.273888888888889,1,1027.44,2,2,5,225,Big Spender
530676551,1.5405555555555555,1,503.09,4,2,5,425,Big Spender
530717866,4.4425,2,3330.72,1,5,5,155,Loyal
530764630,1.0422222222222222,1,488.8,5,2,5,525,Big Spender
530773499,2.216388888888889,1,70.27,2,2,2,222,Others
530852336,3.011111111111111,1,78.51,1,2,2,122,Others
531021848,2.198888888888889,1,160.57,2,2,3,223,Others
531047409,1.1144444444444443,1,722.4,5,2,5,525,Big Spender
531160085,1.5305555555555554,1,722.4,4,2,5,425,Big Spender
531549122,1.8247222222222221,1,77.17,3,2,2,322,Others
531560347,1.9041666666666666,1,949.47,3,2,5,325,Big Spender
531728455,2.241388888888889,1,36.07,2,2,1,221,Others
531848065,4.135,1,42.99,1,2,1,121,Others
531873231,1.133888888888889,1,203.09,5,2,3,523,Potential
532026926,1.675,1,150.97,3,2,3,323,Others
532234249,1.5986111111111112,1,171.17,4,2,3,423,Potential
532276067,1.7961111111111112,1,12.74,3,2,1,321,Others
532583321,1.1180555555555556,1,266.0,5,2,4,524,Big Spender
532760356,1.4408333333333334,1,128.42,4,2,2,422,Potential
532841906,2.5925,1,30.34,2,2,1,221,Others
532851148,1.325,2,712.73,4,5,5,455,Champions
533189542,3.805,1,169.81,1,2,3,123,Others
533351761,1.9041666666666666,1,293.7,3,2,4,324,Big Spender
533365442,1.5480555555555555,3,2249.76,4,5,5,455,Champions
533427236,3.078888888888889,1,308.63,1,2,4,124,Big Spender
533451016,1.206388888888889,1,128.42,5,2,2,522,Potential
533687444,3.1172222222222223,1,229.9,1,2,3,123,Others
533712528,1.7766666666666666,2,820.5699999999999,3,5,5,355,Loyal
533766790,1.72,2,720.69,3,5,5,355,Loyal
533991269,1.925,1,301.08,3,2,4,324,Big Spender
534178431,1.4594444444444445,1,242.63,4,2,3,423,Potential
534492015,2.116388888888889,2,170.95999999999998,2,5,3,253,Loyal
534771396,3.2463888888888888,1,125.61,1,2,2,122,Others
534820779,3.9475,1,128.42,1,2,2,122,Others
534867232,1.7291666666666667,1,458.28,3,2,4,324,Big Spender
534920558,2.0294444444444446,1,46.31,2,2,1,221,Others
535061856,1.0858333333333334,1,108.98,5,2,2,522,Potential
535062308,1.3122222222222222,1,46.31,4,2,1,421,Potential
535080594,3.246111111111111,1,225.83,1,2,3,123,Others
535175624,1.9697222222222222,1,949.47,3,2,5,325,Big Spender
535382554,1.2669444444444444,1,949.47,5,2,5,525,Big Spender
535482915,1.2794444444444444,1,47.62,5,2,1,521,Potential
535502514,1.0141666666666667,1,149.28,5,2,3,523,Potential
535710812,2.0780555555555558,1,79.02,2,2,2,222,Others
535751928,4.028333333333333,1,69.24,1,2,2,122,Others
535812909,1.9972222222222222,1,397.93,3,2,4,324,Big Spender
535985373,1.333611111111111,1,96.53,4,2,2,422,Potential
536017300,1.01,1,242.63,5,2,3,523,Potential
536034247,1.666388888888889,1,577.89,3,2,5,325,Big Spender
536096412,1.0308333333333333,1,210.79,5,2,3,523,Potential
536113062,2.8766666666666665,1,275.25,1,2,4,124,Big Spender
536139937,1.8402777777777777,1,53.8,3,2,1,321,Others
536267449,3.9925,1,1348.61,1,2,5,125,Big Spender
536273070,1.2783333333333333,1,242.63,5,3,3,533,Potential
536276853,1.7744444444444445,1,136.17,3,3,3,333,Others
536301724,1.525,1,39.38,4,3,1,431,Potential
536629021,1.9791666666666667,1,308.86,3,3,4,334,Big Spender
536635963,4.694444444444445,1,102.58,1,3,2,132,Others
536647962,1.0047222222222223,1,47.62,5,3,1,531,Potential
536838271,1.323611111111111,2,561.14,4,5,5,455,Champions
536894980,2.071388888888889,1,64.02,2,3,2,232,Others
537012398,2.777222222222222,1,928.18,1,3,5,135,Big Spender
537122517,3.0933333333333333,1,643.23,1,3,5,135,Big Spender
537129970,1.9030555555555555,2,190.42000000000002,3,5,3,353,Loyal
537182679,3.060277777777778,1,514.79,1,3,5,135,Big Spender
537372295,4.720277777777778,1,29.58,1,3,1,131,Others
537466008,3.8608333333333333,3,1389.84,1,5,5,155,Loyal
537500919,1.635,4,422.8,4,5,4,454,Champions
537707520,2.1391666666666667,1,256.74,2,3,4,234,Big Spender
537734147,2.138611111111111,1,463.07,2,3,4,234,Big Spender
537741482,2.1838888888888888,2,2041.4499999999998,2,5,5,255,Loyal
537751883,1.7858333333333334,1,242.72,3,3,4,334,Big Spender
537803994,1.6241666666666668,1,949.47,4,3,5,435,Big Spender
537815115,1.6080555555555556,1,488.8,4,3,5,435,Big Spender
537873516,4.43,1,72.33,1,3,2,132,Others
537936603,2.7919444444444443,2,155.26,1,5,3,153,Loyal
538018965,2.8508333333333336,1,86.23,1,3,2,132,Others
538119554,1.1505555555555556,1,131.53,5,3,2,532,Potential
538178630,3.817222222222222,3,481.71,1,5,4,154,Loyal
538417163,4.701388888888889,1,84.94,1,3,2,132,Others
538440830,2.151666666666667,1,242.63,2,3,3,233,Others
538473314,1.8766666666666667,1,128.42,3,3,2,332,Others
538524222,1.8425,1,531.26,3,3,5,335,Big Spender
538648587,1.26,1,172.23,5,3,3,533,Potential
538669191,1.5994444444444444,2,689.21,4,5,5,455,Champions
538677474,1.0594444444444444,1,266.0,5,3,4,534,Big Spender
538781131,1.4772222222222222,1,949.47,4,3,5,435,Big Spender
538788180,1.7058333333333333,1,362.29,3,3,4,334,Big Spender
538954617,1.7658333333333334,1,154.44,3,3,3,333,Others
538967279,1.9866666666666666,1,100.47,3,3,2,332,Others
539144765,1.3763888888888889,2,478.08000000000004,4,5,4,454,Champions
539222227,1.1925,1,928.18,5,3,5,535,Big Spender
539290008,1.5583333333333333,1,1544.42,4,3,5,435,Big Spender
539565626,1.243611111111111,2,757.7800000000001,5,5,5,555,Champions
539737415,3.122777777777778,1,66.9,1,3,2,132,Others
539927976,2.6994444444444445,1,949.47,1,3,5,135,Big Spender
539952572,4.035555555555556,1,66.9,1,3,2,132,Others
540163420,1.5716666666666668,1,73.36,4,3,2,432,Potential
540184002,1.846111111111111,1,275.25,3,3,4,334,Big Spender
540247266,3.227222222222222,1,194.6,1,3,3,133,Others
540291668,2.926388888888889,1,67.4,1,3,2,132,Others
540322088,1.1427777777777777,1,577.89,5,3,5,535,Big Spender
540333445,1.6405555555555555,1,151.1,3,3,3,333,Others
540353452,1.8069444444444445,1,231.64,3,3,3,333,Others
540453468,1.295,1,111.56,4,3,2,432,Potential
540460572,1.3936111111111111,1,115.57,4,3,2,432,Potential
540499928,1.5013888888888889,1,411.77,4,3,4,434,Big Spender
540510262,2.5483333333333333,1,952.15,2,3,5,235,Big Spender
540541755,2.2780555555555555,1,1348.61,2,3,5,235,Big Spender
540546907,1.8480555555555556,1,459.16,3,3,4,334,Big Spender
540801209,2.464722222222222,1,18.53,2,3,1,231,Others
540806097,2.801111111111111,1,722.4,1,3,5,135,Big Spender
540824548,1.1644444444444444,1,29.58,5,3,1,531,Potential
540952151,2.2744444444444443,1,50.45,2,3,1,231,Others
541022499,2.35,1,86.23,2,3,2,232,Others
541025243,1.5802777777777777,1,56.35,4,3,1,431,Potential
541133409,1.5722222222222222,2,2911.14,4,5,5,455,Champions
541198671,1.2502777777777778,1,358.31,5,3,4,534,Big Spender
541328903,1.0741666666666667,1,21.85,5,3,1,531,Potential
541368253,1.6494444444444445,1,164.95,3,3,3,333,Others
541372782,1.5091666666666668,1,949.47,4,3,5,435,Big Spender
541728271,1.081388888888889,1,458.28,5,3,4,534,Big Spender
541777772,1.1188888888888888,1,4.61,5,3,1,531,Potential
541784455,1.0308333333333333,1,12.84,5,3,1,531,Potential
541817268,1.0330555555555556,1,128.42,5,3,2,532,Potential
541854711,4.785833333333334,1,109.66,1,3,2,132,Others
541860342,1.7908333333333333,2,396.40999999999997,3,5,4,354,Loyal
541877069,1.6066666666666667,1,362.29,4,3,4,434,Big Spender
541898462,2.4366666666666665,1,771.94,2,3,5,235,Big Spender
541920131,4.198055555555555,1,38.35,1,3,1,131,Others
541990850,1.9413888888888888,1,37.07,3,3,1,331,Others
542055999,1.2008333333333334,1,514.56,5,3,5,535,Big Spender
542065971,1.3125,2,453.85,4,5,4,454,Champions
542090729,2.558611111111111,1,75.94,2,3,2,232,Others
542095461,2.029166666666667,1,358.31,2,3,4,234,Big Spender
542210844,4.323888888888889,1,1665.36,1,3,5,135,Big Spender
542326339,3.7741666666666664,1,212.08,1,3,3,133,Others
542347627,2.3716666666666666,1,62.81,2,3,2,232,Others
542351957,1.3325,1,160.57,4,3,3,433,Potential
542368013,1.7027777777777777,1,128.42,3,3,2,332,Others
542388547,1.33,2,789.3299999999999,4,5,5,455,Champions
542413122,1.7719444444444445,1,25.71,3,3,1,331,Others
542414491,2.4161111111111113,1,823.16,2,3,5,235,Big Spender
542424443,1.1102777777777777,3,773.12,5,5,5,555,Champions
542633023,2.4194444444444443,1,172.23,2,3,3,233,Others
542677637,1.6408333333333334,1,179.12,3,3,3,333,Others
542736362,1.1616666666666666,1,136.17,5,3,3,533,Potential
542836905,2.745,1,722.4,1,3,5,135,Big Spender
542862170,1.7652777777777777,2,59.16,3,5,2,352,Others
542901438,1.7313888888888889,1,172.23,3,3,3,333,Others
542964972,1.5233333333333334,1,56.37,4,3,1,431,Potential
543013761,2.5894444444444447,1,203.09,2,3,3,233,Others
543093016,1.2847222222222223,1,172.23,4,3,3,433,Potential
543171591,2.734722222222222,1,265.39,1,3,4,134,Big Spender
543264125,2.5469444444444442,3,791.0799999999999,2,5,5,255,Loyal
543272936,1.5769444444444445,2,256.84,4,5,4,454,Champions
543351869,3.8183333333333334,1,123.81,1,3,2,132,Others
543455415,1.8247222222222221,1,172.23,3,3,3,333,Others
543574845,2.0130555555555554,1,108.98,3,3,2,332,Others
543604507,1.0647222222222221,1,102.6,5,3,2,532,Potential
543633733,1.543611111111111,1,242.63,4,3,3,433,Potential
543647716,1.7908333333333333,1,128.42,3,3,2,332,Others
543672266,1.808888888888889,1,66.93,3,3,2,332,Others
543672320,1.7780555555555555,1,229.9,3,3,3,333,Others
543676870,4.504722222222222,1,22.8,1,3,1,131,Others
543689735,1.981111111111111,1,87.52,3,3,2,332,Others
543691173,2.8080555555555557,1,128.42,1,3,2,132,Others
543712503,1.4513888888888888,1,51.43,4,3,1,431,Potential
543753297,1.153888888888889,1,321.73,5,3,4,534,Big Spender
543764380,1.6733333333333333,1,29.58,3,3,1,331,Others
543784821,1.076111111111111,1,29.58,5,3,1,531,Potential
543789100,1.9080555555555556,1,41.18,3,3,1,331,Others
543799206,1.4180555555555556,1,928.38,4,3,5,435,Big Spender
543803943,1.1941666666666666,1,18.61,5,3,1,531,Potential
543838442,1.3897222222222223,1,102.4,4,3,2,432,Potential
544065541,3.1038888888888887,1,91.34,1,3,2,132,Others
544076203,1.4902777777777778,1,1133.36,4,3,5,435,Big Spender
544120959,2.0644444444444443,1,32.69,2,3,1,231,Others
544134586,2.256111111111111,1,458.28,2,3,4,234,Big Spender
544178706,1.0852777777777778,1,33.21,5,3,1,531,Potential
544192753,1.663888888888889,1,39.25,3,3,1,331,Others
544242127,1.1952777777777779,1,190.46,5,3,3,533,Potential
544314037,1.4705555555555556,1,172.22,4,3,3,433,Potential
544375839,1.0161111111111112,1,44.79,5,3,1,531,Potential
544404842,2.3072222222222223,1,385.85,2,3,4,234,Big Spender
544591928,2.293888888888889,1,283.12,2,3,4,234,Big Spender
544603938,1.441111111111111,1,91.32,4,3,2,432,Potential
544628638,1.5277777777777777,1,40.16,4,3,1,431,Potential
544629904,1.0294444444444444,1,275.25,5,3,4,534,Big Spender
544649718,2.535833333333333,1,257.38,2,3,4,234,Big Spender
544649873,1.0166666666666666,1,722.4,5,3,5,535,Big Spender
544668058,1.2238888888888888,1,257.15,5,3,4,534,Big Spender
544988848,2.1875,1,1348.61,2,3,5,235,Big Spender
545011928,2.4744444444444444,1,188.94,2,3,3,233,Others
545155217,1.37,1,462.82,4,3,4,434,Big Spender
545231821,1.6513888888888888,1,172.23,3,3,3,333,Others
545304497,4.515,1,189.97,1,3,3,133,Others
545321203,1.0527777777777778,1,51.46,5,3,1,531,Potential
545391415,1.173888888888889,1,42.99,5,3,1,531,Potential
545485472,3.231388888888889,1,160.57,1,3,3,133,Others
545549808,1.6525,1,71.56,3,3,2,332,Others
545571328,2.0797222222222222,1,229.9,2,3,3,233,Others
545580444,1.7461111111111112,1,308.61,3,3,4,334,Big Spender
545597583,1.25,1,280.57,5,3,4,534,Big Spender
545645366,1.6433333333333333,1,160.57,3,3,3,333,Others
545669243,2.8652777777777776,1,61.75,1,3,2,132,Others
545703807,2.2591666666666668,3,184.95,2,5,3,253,Loyal
545710706,4.223888888888889,1,63.84,1,3,2,132,Others
545765280,2.6352777777777776,1,212.1,2,3,3,233,Others
545800562,1.78,1,87.26,3,3,2,332,Others
545948530,4.349166666666667,1,43.73,1,3,1,131,Others
545976760,1.2077777777777778,1,212.08,5,3,3,533,Potential
546076557,1.0575,4,3079.62,5,5,5,555,Champions
546129282,2.876388888888889,1,1665.36,1,3,5,135,Big Spender
546273062,2.4519444444444445,1,17.25,2,3,1,231,Others
546294669,1.2661111111111112,1,110.36,5,3,2,532,Potential
546375815,1.711111111111111,1,69.08,3,3,2,332,Others
546387525,1.4536111111111112,1,52.74,4,3,1,431,Potential
546416673,1.126111111111111,2,1618.58,5,5,5,555,Champions
546484519,1.6983333333333333,1,22.86,3,3,1,331,Others
546813052,1.7208333333333334,1,109.36,3,3,2,332,Others
546956050,2.281388888888889,1,128.42,2,3,2,232,Others
546975014,1.8941666666666668,2,485.26,3,5,4,354,Loyal
546995205,2.0255555555555556,1,460.7,2,3,4,234,Big Spender
547070830,2.046111111111111,1,128.42,2,3,2,232,Others
547191229,1.7452777777777777,1,80.26,3,3,2,332,Others
547211786,4.443888888888889,1,31.91,1,3,1,131,Others
547320561,2.891388888888889,1,30.76,1,3,1,131,Others
547327701,3.8680555555555554,1,362.29,1,3,4,134,Big Spender
547356072,2.207222222222222,1,46.33,2,3,1,231,Others
547422663,2.401666666666667,1,139.68,2,3,3,233,Others
547438875,3.3741666666666665,1,949.47,1,3,5,135,Big Spender
547531356,1.4291666666666667,1,178.87,4,3,3,433,Potential
547542934,1.9669444444444444,1,22.8,3,3,1,331,Others
547557724,3.101111111111111,1,1348.61,1,3,5,135,Big Spender
547622783,2.604722222222222,1,206.96,2,3,3,233,Others
547627972,2.2230555555555553,1,458.28,2,3,4,234,Big Spender
547660570,2.216388888888889,2,424.16,2,5,4,254,Loyal
547712096,1.7530555555555556,1,949.47,3,3,5,335,Big Spender
547834029,2.3091666666666666,1,139.68,2,3,3,233,Others
547864701,1.4847222222222223,1,369.45,4,3,4,434,Big Spender
547961159,4.321111111111111,1,55.86,1,3,1,131,Others
548049874,1.0827777777777778,1,30.86,5,3,1,531,Potential
548082646,1.2919444444444443,4,490.06999999999994,4,5,5,455,Champions
548096901,1.5722222222222222,1,128.42,4,3,2,432,Potential
548422139,1.5019444444444445,1,722.4,4,3,5,435,Big Spender
548450778,3.0458333333333334,3,660.59,1,5,5,155,Loyal
548501532,1.6602777777777777,1,91.38,3,3,2,332,Others
548507462,1.8583333333333334,1,378.36,3,3,4,334,Big Spender
548560834,1.183888888888889,1,55.34,5,3,1,531,Potential
548614053,2.515277777777778,1,139.68,2,3,3,233,Others
548701002,1.7861111111111112,1,203.35,3,3,3,333,Others
548717296,1.5041666666666667,2,460.11,4,5,4,454,Champions
548719875,4.415555555555556,1,195.35,1,3,3,133,Others
548759246,1.2455555555555555,1,62.55,5,3,2,532,Potential
548803548,1.0138888888888888,1,94.46,5,3,2,532,Potential
548837605,2.151111111111111,1,108.98,2,3,2,232,Others
548865098,2.4569444444444444,1,949.47,2,3,5,235,Big Spender
549043010,1.9583333333333333,1,1013.86,3,3,5,335,Big Spender
549256216,4.694166666666667,1,531.26,1,3,5,135,Big Spender
549422045,4.275,1,82.34,1,3,2,132,Others
549527991,3.212222222222222,1,128.42,1,3,2,132,Others
549596987,1.6691666666666667,1,111.97,3,3,2,332,Others
549693073,1.256388888888889,1,58.69,5,3,2,532,Potential
549802856,1.3922222222222222,1,31.56,4,3,1,431,Potential
549878794,1.746388888888889,1,308.63,3,3,4,334,Big Spender
549894892,1.156388888888889,1,128.42,5,3,2,532,Potential
549987439,4.6530555555555555,1,242.63,1,3,3,133,Others
550123505,2.580277777777778,3,101.68,2,5,2,252,Others
550165471,1.3775,1,34.24,4,3,1,431,Potential
550423157,1.0041666666666667,1,226.23,5,3,3,533,Potential
550473072,4.394444444444445,1,39.9,1,3,1,131,Others
550527531,2.4072222222222224,1,973.41,2,3,5,235,Big Spender
550579646,1.9005555555555556,1,242.63,3,3,3,333,Others
550610851,1.7922222222222222,1,88.24,3,3,2,332,Others
550615591,2.085277777777778,1,114.63,2,3,2,232,Others
550632176,1.0022222222222221,1,344.66,5,3,4,534,Big Spender
550726115,1.6280555555555556,1,128.42,4,3,2,432,Potential
550864895,1.7975,1,722.4,3,3,5,335,Big Spender
550984822,2.0194444444444444,1,242.63,2,3,3,233,Others
551026937,1.758888888888889,1,52.77,3,3,1,331,Others
551066396,1.5380555555555555,1,1337.23,4,3,5,435,Big Spender
551093021,1.0227777777777778,2,1444.8,5,5,5,555,Champions
551099819,2.003888888888889,1,166.41,3,3,3,333,Others
551100168,1.4852777777777777,1,73.1,4,3,2,432,Potential
551134677,2.078611111111111,1,9.24,2,3,1,231,Others
551160819,1.4294444444444445,1,1243.78,4,3,5,435,Big Spender
551304161,2.8419444444444446,1,203.09,1,3,3,133,Others
551394581,2.0775,1,359.6,2,3,4,234,Big Spender
551495812,3.2994444444444446,1,105.7,1,3,2,132,Others
551570636,2.167222222222222,1,22.91,2,3,1,231,Others
551573903,2.104722222222222,2,339.26,2,5,4,254,Loyal
551626442,1.2708333333333333,1,599.13,5,3,5,535,Big Spender
551673569,3.0927777777777776,1,32.17,1,3,1,131,Others
551678170,4.143611111111111,1,1003.63,1,3,5,135,Big Spender
551713687,2.2219444444444445,1,283.09,2,3,4,234,Big Spender
551777177,1.6458333333333333,2,84.94,3,5,2,352,Others
551827172,1.5333333333333334,1,7.72,4,3,1,431,Potential
551899395,1.1005555555555555,1,362.29,5,3,4,534,Big Spender
551952306,1.0191666666666668,3,506.8,5,5,5,555,Champions
551973741,1.833888888888889,1,362.29,3,3,4,334,Big Spender
552005062,1.6241666666666668,2,575.98,4,5,5,455,Champions
552014184,2.757222222222222,1,7.7,1,3,1,131,Others
552021679,1.021388888888889,2,344.46,5,5,4,554,Champions
552026815,2.332777777777778,1,66.87,2,3,2,232,Others
552055831,1.3455555555555556,1,15.04,4,3,1,431,Potential
552059880,4.3469444444444445,1,110.68,1,3,2,132,Others
552269705,1.4541666666666666,1,121.71,4,3,2,432,Potential
552335155,4.3933333333333335,2,475.90999999999997,1,5,4,154,Loyal
552345471,2.7294444444444443,2,617.22,1,5,5,155,Loyal
552356151,1.0391666666666666,1,681.56,5,3,5,535,Big Spender
552405813,2.3566666666666665,1,64.17,2,3,2,232,Others
552409607,1.3847222222222222,2,517.88,4,5,5,455,Champions
552440009,1.0344444444444445,1,47.59,5,3,1,531,Potential
552443446,1.3058333333333334,1,362.29,4,3,4,434,Big Spender
552654469,1.4919444444444445,1,457.13,4,3,4,434,Big Spender
552808520,1.4191666666666667,1,7.7,4,3,1,431,Potential
552942046,2.0294444444444446,1,463.31,2,3,4,234,Big Spender
552942348,2.6669444444444443,1,100.39,2,3,2,232,Others
552972863,1.0758333333333334,1,174.73,5,3,3,533,Potential
553005190,1.4530555555555555,1,118.01,4,4,2,442,Potential
553025898,2.913611111111111,1,67.44,1,4,2,142,Others
553028885,1.3069444444444445,1,40.93,4,4,1,441,Potential
553101105,1.41,1,139.64,4,4,3,443,Loyal
553293641,1.125,1,949.47,5,4,5,545,Champions
553427544,1.0905555555555555,2,259.95,5,5,4,554,Champions
553458480,2.6416666666666666,1,188.94,2,4,3,243,Loyal
553657893,1.5166666666666666,1,145.36,4,4,3,443,Loyal
553706204,1.6919444444444445,1,20.57,3,4,1,341,Others
553745133,2.5319444444444446,1,230.93,2,4,3,243,Loyal
553778707,1.4513888888888888,2,78.97999999999999,4,5,2,452,Potential
553781327,1.7438888888888888,1,20.57,3,4,1,341,Others
553814693,4.052222222222222,1,36.29,1,4,1,141,Others
553833501,1.0277777777777777,1,42.21,5,4,1,541,Potential
554029528,2.431388888888889,1,281.71,2,4,4,244,Loyal
554096532,4.115555555555556,3,722.73,1,5,5,155,Loyal
554125532,1.1122222222222222,1,61.75,5,4,2,542,Potential
554174428,2.2169444444444446,1,61.65,2,4,2,242,Others
554225828,1.4425,2,485.26,4,5,4,454,Champions
554279958,2.1675,2,406.18,2,5,4,254,Loyal
554369005,1.6872222222222222,1,150.97,3,4,3,343,Loyal
554425254,2.5008333333333335,1,21.85,2,4,1,241,Others
554441861,1.3447222222222222,1,172.23,4,4,3,443,Loyal
554459781,2.7086111111111113,1,94.7,1,4,2,142,Others
554533992,1.6941666666666666,1,118.9,3,4,2,342,Others
554596785,4.309722222222222,1,308.45,1,4,4,144,Loyal
554692011,2.3938888888888887,1,71.82,2,4,2,242,Others
554847297,2.888611111111111,3,3581.6000000000004,1,5,5,155,Loyal
554982396,2.0880555555555556,2,738.46,2,5,5,255,Loyal
555031859,3.8894444444444445,1,61.65,1,4,2,142,Others
555228198,1.7675,1,818.19,3,4,5,345,Loyal
555345204,1.718888888888889,1,94.47,3,4,2,342,Others
555394812,1.446388888888889,1,1209.55,4,4,5,445,Champions
555471943,2.2325,1,242.63,2,4,3,243,Loyal
555517318,1.075,1,78.51,5,4,2,542,Potential
555555681,1.2013888888888888,1,147.75,5,4,3,543,Loyal
555564408,3.0791666666666666,1,146.85,1,4,3,143,Loyal
555566178,1.7291666666666667,1,12.84,3,4,1,341,Others
555663594,1.8944444444444444,1,172.23,3,4,3,343,Loyal
555697742,2.67,1,398.95,2,4,4,244,Loyal
555749528,1.8363888888888888,2,581.64,3,5,5,355,Loyal
555838434,1.2861111111111112,2,354.93,4,5,4,454,Champions
555843679,2.3022222222222224,1,139.64,2,4,3,243,Loyal
555862389,1.3441666666666667,1,308.86,4,4,4,444,Champions
555942729,4.683055555555556,1,772.19,1,4,5,145,Loyal
555970708,2.8872222222222224,2,81.86,1,5,2,152,Others
556039638,2.8441666666666667,1,334.11,1,4,4,144,Loyal
556084439,1.5505555555555555,1,128.42,4,4,2,442,Potential
556240301,1.5727777777777778,1,266.0,4,4,4,444,Champions
556240954,1.3347222222222221,1,131.53,4,4,2,442,Potential
556325945,2.6797222222222223,4,959.1700000000001,2,5,5,255,Loyal
556564018,1.666388888888889,1,566.04,3,4,5,345,Loyal
556688434,2.5027777777777778,2,1077.89,2,5,5,255,Loyal
556700164,1.4205555555555556,1,242.63,4,4,3,443,Loyal
556735076,3.3494444444444444,1,43.73,1,4,1,141,Others
556886471,2.2377777777777776,1,56.6,2,4,1,241,Others
556889638,1.0575,2,100.9,5,5,2,552,Potential
556926861,2.5077777777777777,1,140.82,2,4,3,243,Loyal
556936796,2.2291666666666665,1,18.87,2,4,1,241,Others
556958704,3.9925,1,102.94,1,4,2,142,Others
556981496,1.1577777777777778,1,1558.25,5,4,5,545,Champions
556989069,2.230277777777778,1,223.17,2,4,3,243,Loyal
557016168,3.4202777777777778,1,128.42,1,4,2,142,Others
557082466,1.7155555555555555,1,64.61,3,4,2,342,Others
557530559,4.362777777777778,1,107.45,1,4,2,142,Others
557617569,1.0422222222222222,1,88.29,5,4,2,542,Potential
557662182,1.3825,1,949.47,4,4,5,445,Champions
557746614,4.539722222222222,7,3421.6,1,5,5,155,Loyal
557760558,1.5875,7,1251.27,4,5,5,455,Champions
557810313,1.9041666666666666,1,105.02,3,4,2,342,Others
557934476,1.3605555555555555,1,189.97,4,4,3,443,Loyal
557948316,2.912777777777778,1,4.09,1,4,1,141,Others
557994805,4.308055555555556,1,458.28,1,4,4,144,Loyal
558041367,1.2308333333333332,2,555.17,5,5,5,555,Champions
558042166,1.313611111111111,1,36.55,4,4,1,441,Potential
558057992,1.7608333333333333,1,139.68,3,4,3,343,Loyal
558070198,1.0122222222222221,1,35.78,5,4,1,541,Potential
558070827,1.4994444444444444,1,139.68,4,4,3,443,Loyal
558081494,1.8797222222222223,1,144.12,3,4,3,343,Loyal
558099508,2.7280555555555557,1,110.36,1,4,2,142,Others
558196159,1.9258333333333333,1,358.31,3,4,4,344,Loyal
558339079,1.5441666666666667,1,139.64,4,4,3,443,Loyal
558345718,2.378888888888889,1,43.98,2,4,1,241,Others
558360618,1.2461111111111112,1,180.67,5,4,3,543,Loyal
558417555,1.5430555555555556,1,358.31,4,4,4,444,Champions
558439221,3.1658333333333335,1,66.9,1,4,2,142,Others
558463342,1.5791666666666666,1,3.84,4,4,1,441,Potential
558698483,1.118611111111111,6,4064.45,5,5,5,555,Champions
558705860,2.825833333333333,3,1995.94,1,5,5,155,Loyal
558710419,2.1244444444444444,1,205.67,2,4,3,243,Loyal
558712090,2.1013888888888888,1,242.63,2,4,3,243,Loyal
558795360,1.3325,1,40.85,4,4,1,441,Potential
558819107,1.8866666666666667,1,139.68,3,4,3,343,Loyal
558991815,1.1297222222222223,1,218.54,5,4,3,543,Loyal
558997994,2.141111111111111,3,754.46,2,5,5,255,Loyal
559024625,2.941666666666667,1,128.42,1,4,2,142,Others
559180919,1.4075,1,617.52,4,4,5,445,Champions
559196976,1.1455555555555557,1,128.42,5,4,2,542,Potential
559368633,4.867222222222222,1,566.3,1,4,5,145,Loyal
559396643,2.9369444444444444,1,128.42,1,4,2,142,Others
559586203,1.368611111111111,2,1645.57,4,5,5,455,Champions
559666007,1.0644444444444445,1,239.13,5,4,3,543,Loyal
559668218,1.7338888888888888,1,128.42,3,4,2,342,Others
559736722,2.098333333333333,1,458.28,2,4,4,244,Loyal
559793011,2.4883333333333333,1,51.22,2,4,1,241,Others
559835882,1.7602777777777778,1,642.23,3,4,5,345,Loyal
559835903,1.6091666666666666,1,212.08,4,4,3,443,Loyal
559851632,2.0122222222222224,1,154.19,3,4,3,343,Loyal
559938894,1.0261111111111112,1,308.45,5,4,4,544,Champions
559964109,1.3469444444444445,2,488.04,4,5,5,455,Champions
559972189,3.2019444444444445,1,25.56,1,4,1,141,Others
559982783,1.7869444444444444,1,252.23,3,4,4,344,Loyal
559991238,1.4202777777777778,1,275.25,4,4,4,444,Champions
559995152,1.738611111111111,1,40.9,3,4,1,341,Others
560096577,1.3897222222222223,1,151.99,4,4,3,443,Loyal
560099743,2.5130555555555554,1,205.67,2,4,3,243,Loyal
560132689,1.1222222222222222,1,275.25,5,4,4,544,Champions
560134869,1.281111111111111,3,1274.16,5,5,5,555,Champions
560172195,3.0052777777777777,1,34.75,1,4,1,141,Others
560277471,2.368333333333333,1,131.53,2,4,2,242,Others
560328829,1.7336111111111112,2,216.70999999999998,3,5,3,353,Loyal
560355034,1.0333333333333334,1,275.25,5,4,4,544,Champions
560474415,1.6683333333333332,1,362.29,3,4,4,344,Loyal
560583956,1.5869444444444445,1,84.43,4,4,2,442,Potential
560682579,1.0552777777777778,3,966.34,5,5,5,555,Champions
560721751,2.1483333333333334,1,242.63,2,4,3,243,Loyal
560828134,1.8055555555555556,1,128.42,3,4,2,342,Others
560839778,2.6619444444444444,1,178.87,2,4,3,243,Loyal
560860500,1.9119444444444444,1,139.68,3,4,3,343,Loyal
560902341,2.185277777777778,2,1922.88,2,5,5,255,Loyal
560914255,4.346111111111111,1,100.13,1,4,2,142,Others
560920553,2.9969444444444444,1,351.1,1,4,4,144,Loyal
560929837,2.7225,1,242.63,1,4,3,143,Loyal
560932165,2.4766666666666666,1,43.43,2,4,1,241,Others
560957866,1.1211111111111112,1,20.57,5,4,1,541,Potential
561062956,2.6780555555555554,2,992.46,2,5,5,255,Loyal
561157770,1.6583333333333334,1,709.67,3,4,5,345,Loyal
561204586,1.1566666666666667,1,229.9,5,4,3,543,Loyal
561210895,1.0022222222222221,2,153.14999999999998,5,5,3,553,Loyal
561222978,1.1652777777777779,1,15.42,5,4,1,541,Potential
561325622,1.7830555555555556,1,22.8,3,4,1,341,Others
561405398,2.5908333333333333,1,39.38,2,4,1,241,Others
561446528,1.6827777777777777,1,273.56,3,4,4,344,Loyal
561451996,1.4341666666666666,2,410.6,4,5,4,454,Champions
561481806,1.6836111111111112,1,179.41,3,4,3,343,Loyal
561564372,4.277777777777778,3,120.27000000000001,1,5,2,152,Others
561621729,1.2402777777777778,1,458.28,5,4,4,544,Champions
561766012,1.0597222222222222,2,550.5,5,5,5,555,Champions
561782205,2.3830555555555555,1,54.25,2,4,1,241,Others
561842648,3.1783333333333332,1,333.08,1,4,4,144,Loyal
561901574,3.065,1,242.63,1,4,3,143,Loyal
561987774,2.2530555555555556,1,82.63,2,4,2,242,Others
562012420,3.0325,3,675.96,1,5,5,155,Loyal
562067899,4.523611111111111,1,160.57,1,4,3,143,Loyal
562119164,1.4183333333333332,2,1444.8,4,5,5,455,Champions
562137064,1.2402777777777778,1,128.42,5,4,2,542,Potential
562163251,1.0966666666666667,1,383.28,5,4,4,544,Champions
562178439,1.29,1,128.42,4,4,2,442,Potential
562200921,4.2491666666666665,1,717.39,1,4,5,145,Loyal
562210838,4.698888888888889,1,1583.48,1,4,5,145,Loyal
562301215,4.2427777777777775,1,128.42,1,4,2,142,Others
562333965,1.4713888888888889,1,136.37,4,4,3,443,Loyal
562354455,2.1355555555555554,1,45.05,2,4,1,241,Others
562438197,1.0866666666666667,1,179.9,5,4,3,543,Loyal
562455917,2.986388888888889,1,100.39,1,4,2,142,Others
562464800,1.4011111111111112,1,171.18,4,4,3,443,Loyal
562522952,1.5894444444444444,2,300.65,4,5,4,454,Champions
562614956,2.2805555555555554,1,172.23,2,4,3,243,Loyal
562630666,1.553611111111111,1,298.83,4,4,4,444,Champions
562640779,1.3194444444444444,2,537.66,4,5,5,455,Champions
562783832,1.5027777777777778,3,2221.74,4,5,5,455,Champions
562808745,1.4783333333333333,1,57.92,4,4,1,441,Potential
562926080,1.1558333333333333,2,1207.3400000000001,5,5,5,555,Champions
562958505,4.797777777777778,1,128.42,1,4,2,142,Others
562999266,1.1055555555555556,1,211.92,5,4,3,543,Loyal
563163362,4.201388888888889,1,41.19,1,4,1,141,Others
563174518,1.105,1,275.25,5,4,4,544,Champions
563186550,1.418611111111111,2,517.88,4,5,5,455,Champions
563226983,2.3075,1,722.4,2,4,5,245,Loyal
563283746,1.7116666666666667,1,35.26,3,4,1,341,Others
563293492,1.716388888888889,1,229.9,3,4,3,343,Loyal
563342866,2.1794444444444445,1,717.39,2,4,5,245,Loyal
563362800,3.8408333333333333,1,175.04,1,4,3,143,Loyal
563472655,2.0075,1,17.15,3,4,1,341,Others
563566070,2.9555555555555557,1,431.4,1,4,4,144,Loyal
563572407,2.2216666666666667,1,128.42,2,4,2,242,Others
563666003,1.6436111111111111,1,437.85,3,4,4,344,Loyal
563689017,1.1122222222222222,1,69.5,5,4,2,542,Potential
563710113,1.2269444444444444,1,62.52,5,4,2,542,Potential
563743229,1.425,1,139.64,4,4,3,443,Loyal
563915498,2.66,1,178.87,2,4,3,243,Loyal
563956702,1.425,2,646.95,4,5,5,455,Champions
563958829,2.0269444444444447,1,59.18,2,4,2,242,Others
564014296,4.660833333333334,1,43.24,1,4,1,141,Others
564071991,2.7894444444444444,1,205.67,1,4,3,143,Loyal
564133858,1.9480555555555557,3,1250.12,3,5,5,355,Loyal
564195480,1.3008333333333333,4,3908.72,4,5,5,455,Champions
564285008,1.15,1,535.15,5,4,5,545,Champions
564353163,1.7547222222222223,1,7.7,3,4,1,341,Others
564392703,1.6827777777777777,1,172.23,3,4,3,343,Loyal
564408360,2.6841666666666666,1,39.3,1,4,1,141,Others
564493861,1.8869444444444445,1,458.28,3,4,4,344,Loyal
564549977,2.57,2,300.65,2,5,4,254,Loyal
564564914,1.6419444444444444,1,13.3,3,4,1,341,Others
564592834,1.2783333333333333,1,172.23,5,4,3,543,Loyal
564638626,2.913611111111111,1,257.87,1,4,4,144,Loyal
564639768,1.1658333333333333,1,949.47,5,4,5,545,Champions
564640532,1.1672222222222222,1,242.63,5,4,3,543,Loyal
564677266,1.9247222222222222,1,177.27,3,4,3,343,Loyal
564678469,1.1691666666666667,6,1724.98,5,5,5,555,Champions
564799491,1.5533333333333332,1,261.65,4,4,4,444,Champions
564849935,1.1405555555555555,1,358.31,5,4,4,544,Champions
564890170,1.8913888888888888,1,119.95,3,4,2,342,Others
564904746,1.0,1,36.81,5,4,1,541,Potential
564993535,2.5816666666666666,1,30.37,2,4,1,241,Others
564994036,2.0125,1,1348.61,3,4,5,345,Loyal
565029442,1.36,4,4236.29,4,5,5,455,Champions
565142238,1.6775,1,16.35,3,4,1,341,Others
565231746,1.1405555555555555,1,106.56,5,4,2,542,Potential
565274818,2.4469444444444446,2,668.22,2,5,5,255,Loyal
565302574,1.4205555555555556,2,235.87,4,5,3,453,Loyal
565318484,1.2016666666666667,1,43.76,5,4,1,541,Potential
565331688,1.718888888888889,1,458.28,3,4,4,344,Loyal
565348737,1.89,1,949.47,3,4,5,345,Loyal
565357543,1.4494444444444445,1,46.31,4,4,1,441,Potential
565366164,1.3138888888888889,1,21.88,4,4,1,441,Potential
565366577,1.845,1,591.25,3,4,5,345,Loyal
565370031,1.2608333333333333,1,362.29,5,4,4,544,Champions
565374651,1.086111111111111,1,15.42,5,4,1,541,Potential
565400809,1.6752777777777779,1,242.63,3,4,3,343,Loyal
565437026,1.8330555555555557,2,998.48,3,5,5,355,Loyal
565490197,1.1311111111111112,1,160.57,5,4,3,543,Loyal
565612044,1.873888888888889,1,128.42,3,4,2,342,Others
565620308,2.3655555555555554,1,22.8,2,4,1,241,Others
565621299,1.3619444444444444,1,465.91,4,4,4,444,Champions
565626042,2.793888888888889,1,128.42,1,4,2,142,Others
565628706,1.0158333333333334,1,128.42,5,4,2,542,Potential
565641692,1.7222222222222223,1,1133.36,3,4,5,345,Loyal
565645275,1.0072222222222222,11,5298.12,5,5,5,555,Champions
565671364,1.045,1,282.37,5,4,4,544,Champions
565678398,2.0405555555555557,1,177.27,2,4,3,243,Loyal
565688911,4.384444444444444,1,138.71,1,4,3,143,Loyal
565705314,1.0919444444444444,1,47.36,5,4,1,541,Potential
565708694,1.585,1,242.63,4,4,3,443,Loyal
565730826,3.029166666666667,1,14.39,1,4,1,141,Others
565735476,2.2022222222222223,1,321.73,2,4,4,244,Loyal
565747343,1.7772222222222223,1,230.93,3,4,3,343,Loyal
565790190,1.0991666666666666,1,110.66,5,4,2,542,Potential
565824597,2.1958333333333333,1,72.07,2,4,2,242,Others
565873042,2.9175,1,43.76,1,4,1,141,Others
565960289,2.328333333333333,1,22.2,2,4,1,241,Others
565965506,2.419722222222222,1,125.61,2,4,2,242,Others
565993807,1.4472222222222222,3,684.62,4,5,5,455,Champions
566018135,2.7327777777777778,1,139.64,1,4,3,143,Loyal
566021291,2.042222222222222,1,175.01,2,4,3,243,Loyal
566025328,2.8325,1,195.06,1,4,3,143,Loyal
566034033,1.0433333333333332,1,83.63,5,4,2,542,Potential
566036483,2.2230555555555553,1,48.62,2,4,1,241,Others
566069918,1.2413888888888889,1,273.56,5,4,4,544,Champions
566092490,1.2780555555555555,1,128.42,5,4,2,542,Potential
566094996,1.7725,1,928.38,3,4,5,345,Loyal
566095126,4.021944444444444,1,195.06,1,4,3,143,Loyal
566103025,1.7016666666666667,1,257.38,3,4,4,344,Loyal
566123263,2.1933333333333334,1,9.27,2,4,1,241,Others
566145046,1.535,1,949.47,4,4,5,445,Champions
566161581,1.136111111111111,1,62.52,5,4,2,542,Potential
566174850,2.4716666666666667,1,212.33,2,4,3,243,Loyal
566176246,3.270277777777778,1,437.33,1,4,4,144,Loyal
566179353,2.859722222222222,1,48.37,1,4,1,141,Others
566182395,2.578888888888889,1,71.82,2,4,2,242,Others
566188490,4.538055555555555,1,38.35,1,4,1,141,Others
566199754,2.042222222222222,2,379.94,2,5,4,254,Loyal
566215333,2.9930555555555554,1,120.72,1,4,2,142,Others
566216449,1.5227777777777778,1,128.68,4,4,2,442,Potential
566251570,2.2316666666666665,1,24.43,2,4,1,241,Others
566281421,3.9175,2,317.24,1,5,4,154,Loyal
566281998,4.652777777777778,1,532.57,1,4,5,145,Loyal
566282354,4.323333333333333,2,276.15,1,5,4,154,Loyal
566282818,4.531944444444444,3,1010.52,1,5,5,155,Loyal
566283682,4.3975,1,195.06,1,4,3,143,Loyal
566285005,4.210277777777778,1,48.88,1,4,1,141,Others
566285050,3.765,2,1718.7399999999998,1,5,5,155,Loyal
566285354,4.073611111111111,1,29.16,1,4,1,141,Others
566285490,4.103888888888889,1,22.8,1,4,1,141,Others
566286144,2.9716666666666667,1,178.87,1,4,3,143,Loyal
566286947,3.8119444444444444,1,949.47,1,5,5,155,Loyal
566289907,3.361388888888889,3,806.02,1,5,5,155,Loyal
566289937,3.3633333333333333,1,128.42,1,5,2,152,Others
566290767,3.3494444444444444,1,8.49,1,5,1,151,Others
566292265,3.049722222222222,1,211.92,1,5,3,153,Loyal
566292411,3.1197222222222223,1,242.63,1,5,3,153,Loyal
566292457,2.9744444444444444,1,138.71,1,5,3,153,Loyal
566293095,2.4808333333333334,1,1348.61,2,5,5,255,Loyal
566293151,2.7655555555555558,1,193.26,1,5,3,153,Loyal
566293397,2.9427777777777777,1,251.95,1,5,4,154,Loyal
566294210,2.8297222222222222,1,231.64,1,5,3,153,Loyal
566294571,2.766111111111111,1,189.97,1,5,3,153,Loyal
566294781,2.787777777777778,1,29.58,1,5,1,151,Others
566294886,2.74,1,411.59,1,5,4,154,Loyal
566295310,2.2133333333333334,1,399.26,2,5,4,254,Loyal
566295540,2.5919444444444446,1,275.25,2,5,4,254,Loyal
566296330,2.5269444444444447,1,275.25,2,5,4,254,Loyal
566296522,2.518611111111111,2,321.14,2,5,4,254,Loyal
566297736,2.3152777777777778,1,591.25,2,5,5,255,Loyal
566298023,2.3075,1,189.97,2,5,3,253,Loyal
566298201,2.27,1,195.06,2,5,3,253,Loyal
566298502,2.2680555555555557,1,29.58,2,5,1,251,Others
566298552,2.078888888888889,1,11.56,2,5,1,251,Others
566298726,2.1077777777777778,1,218.77,2,5,3,253,Loyal
566299473,2.060277777777778,1,200.66,2,5,3,253,Loyal
566299632,2.109722222222222,1,406.67,2,5,4,254,Loyal
566299901,1.5091666666666668,1,25.71,4,5,1,451,Potential
566300169,2.05,1,229.9,2,5,3,253,Loyal
566300372,1.821388888888889,1,88.29,3,5,2,352,Others
566300646,1.9,1,210.79,3,5,3,353,Loyal
566301119,1.7691666666666668,1,70.27,3,5,2,352,Others
566301260,1.9425,1,242.63,3,5,3,353,Loyal
566301357,1.9316666666666666,1,531.26,3,5,5,355,Loyal
566302002,1.6588888888888889,1,460.7,3,5,4,354,Loyal
566302063,1.686388888888889,1,503.09,3,5,5,355,Loyal
566302095,1.7352777777777777,1,128.42,3,5,2,352,Others
566302098,1.83,2,334.12,3,5,4,354,Loyal
566302451,1.765,1,1013.86,3,5,5,355,Loyal
566302712,1.6883333333333332,1,20.05,3,5,1,351,Others
566303036,1.49,1,25.71,4,5,1,451,Potential
566303051,1.6736111111111112,1,732.07,3,5,5,355,Loyal
566303303,1.6658333333333333,1,458.28,3,5,4,354,Loyal
566303863,1.568888888888889,1,128.42,4,5,2,452,Potential
566304213,1.4266666666666667,1,949.47,4,5,5,455,Champions
566304290,1.4961111111111112,1,229.9,4,5,3,453,Loyal
566304295,1.5791666666666666,1,22.91,4,5,1,451,Potential
566304925,1.4744444444444444,1,275.25,4,5,4,454,Champions
566304972,1.4252777777777779,1,212.08,4,5,3,453,Loyal
566305043,1.4519444444444445,1,160.11,4,5,3,453,Loyal
566305079,1.4222222222222223,1,164.95,4,5,3,453,Loyal
566305145,1.1913888888888888,1,149.28,5,5,3,553,Loyal
566305168,1.3708333333333333,1,154.16,4,5,3,453,Loyal
566305442,1.415,1,128.42,4,5,2,452,Potential
566305475,1.4033333333333333,1,128.42,4,5,2,452,Potential
566305970,1.3769444444444445,1,591.78,4,5,5,455,Champions
566306092,1.3541666666666667,1,308.86,4,5,4,454,Champions
566306402,1.2744444444444445,1,733.15,5,5,5,555,Champions
566306841,1.298888888888889,1,41.06,4,5,1,451,Potential
566306980,1.2705555555555557,2,550.5,5,5,5,555,Champions
566307018,1.0597222222222222,1,242.72,5,5,4,554,Champions
566307165,1.0597222222222222,1,203.09,5,5,3,553,Loyal
566307179,1.1152777777777778,1,200.66,5,5,3,553,Loyal
566307290,1.1580555555555556,1,135.04,5,5,3,553,Loyal
566307693,1.0966666666666667,1,128.42,5,5,2,552,Potential
566307865,1.1691666666666667,2,1898.94,5,5,5,555,Champions
566307902,1.1033333333333333,1,41.18,5,5,1,551,Potential
566307971,1.1072222222222223,1,1364.0,5,5,5,555,Champions
566308003,1.1297222222222223,1,44.02,5,5,1,551,Potential
566308281,1.0522222222222222,1,203.09,5,5,3,553,Loyal
566308457,1.04,1,229.9,5,5,3,553,Loyal
566308550,1.0891666666666666,1,88.29,5,5,2,552,Potential
566308743,1.0569444444444445,1,458.28,5,5,4,554,Champions
566309055,1.0377777777777777,1,488.8,5,5,5,555,Champions
